"RMSE_X","RMSE_Y","RMSE_H","MAE_X","MAE_Y","MAE_H"
0.342809770078871,0.507849491256247,2.00849592014,0.264903846153857,0.412336538461532,1.65641091346154
